species,genotype,isolate,sample,generations,bp,coverage,sequencing_error,reproduction
magna,F,FA,FA1,8,14948,5340.7620551244,0.0024362566,CYC
magna,F,FA,FA10,5,14948,8680.8261707252,0.0023328542,CYC
magna,F,FA,FA12,5,14948,4302.3243778432,0.0024147906,CYC
magna,F,FA,FA13,5,14948,6218.7748461333,0.0021323439,CYC
magna,F,FA,FA14,3,14948,6103.5599678887,0.0021305976,CYC
magna,F,FA,FA5,20,14948,9853.5101953439,0.0022398664,CYC
magna,F,FA,FA7,4,14948,5494.9218624565,0.0018968339,CYC
magna,F,FB,FB11,1,14948,8751.7889751137,0.0022112346,CYC
magna,F,FB,FB13,1,14948,5721.6054589243,0.0023113293,CYC
magna,F,FB,FB4,17,14948,5973.9875836232,0.0022536176,CYC
magna,F,FC,FC1,14,14948,3455.3420390688,0.0021261824,CYC
magna,F,FC,FC12,6,14948,6895.205565962,0.0021618999,CYC
magna,F,FC,FC2,12,14948,3880.2044955847,0.0020678972,CYC
magna,F,FC,FC3,19,14948,5867.33160289,0.0022548062,CYC
magna,F,FC,FC4,19,14948,3264.8813486754,0.002385018,CYC
magna,F,FC,FC6,5,14948,3549.3806796896,0.0020361877,CYC
magna,F,FC,FC7,4,14948,6463.212309339,0.0021366316,CYC
magna,F,FC,FC8,3,14948,5282.9449826064,0.0022234268,CYC
magna,G,GA,GA10,5,14948,3618.7411292481,0.0019498012,CYC
magna,G,GA,GA2,17,14948,5859.607171528,0.0025994557,CYC
magna,G,GA,GA3,24,14948,4185.5603960396,0.0027187595,CYC
magna,G,GA,GA4,12,14948,6887.6793684774,0.0030426923,CYC
magna,G,GA,GA5,21,14948,4761.9107840514,0.0028654672,CYC
magna,G,GA,GA6,6,14948,3758.3156007493,0.0022697809,CYC
magna,G,GA,GA7,4,14948,4379.7559004549,0.0025981422,CYC
magna,G,GA,GA8,5,14948,4990.1667112657,0.0019491689,CYC
magna,G,GB,GB1,23,14948,2753.8818838641,0.0035252797,CYC
magna,G,GB,GB10,4,14948,6889.0748728927,0.0024219506,CYC
magna,G,GB,GB2,21,14948,3632.243350281,0.002531808,CYC
magna,G,GB,GB4,19,14948,4334.8495584694,0.0023067365,CYC
magna,G,GB,GB5,23,14948,4460.2897511373,0.0026830733,CYC
magna,G,GB,GB6,5,14948,5958.3337436446,0.0026617893,CYC
magna,G,GB,GB7,5,14948,7727.6308803853,0.0025861028,CYC
magna,G,GB,GB8,2,14948,2352.3292480599,0.002282051,CYC
magna,G,GC,GC10,5,14948,1528.62782981,0.0025916768,CYC
magna,G,GC,GC2,23,14948,2107.8012309339,0.0027117231,CYC
magna,G,GC,GC3,24,14948,2548.7083221836,0.0026895084,CYC
magna,G,GC,GC4,23,14948,2736.2960663634,0.0024896168,CYC
magna,G,GC,GC5,22,14948,3787.8711265721,0.0023600477,CYC
magna,G,GC,GC6,4,14948,2986.1830345197,0.0025552867,CYC
magna,G,GC,GC8,4,14948,3325.9884934439,0.0023391567,CYC
magna,G,GC,GC9,6,14948,2926.6710730533,0.0028301193,CYC
magna,I,IA,IA1,26,14948,5704.3722772277,0.0022651797,CYC
magna,I,IA,IA10,6,14948,7357.5616269735,0.0026758955,CYC
magna,I,IA,IA2,25,14948,4904.3294621354,0.0026205125,CYC
magna,I,IA,IA4,24,14948,6725.1238426545,0.0023513307,CYC
magna,I,IA,IA5,24,14948,9279.6502006958,0.0024726981,CYC
magna,I,IA,IA6,7,14948,8411.4716617608,0.0024330336,CYC
magna,I,IA,IA7,6,14948,6950.1372223709,0.0025802297,CYC
magna,I,IA,IA8,7,14948,4921.6579609312,0.0026931398,CYC
magna,I,IB,IB1,22,14948,6105.9038801177,0.0023343003,CYC
magna,I,IB,IB10,6,14948,5106.3514048702,0.0022152663,CYC
magna,I,IB,IB2,23,14948,4425.2968156275,0.0027151589,CYC
magna,I,IB,IB3,24,14948,7060.8578538935,0.0024819342,CYC
magna,I,IB,IB5,23,14948,6751.869574525,0.0025666689,CYC
magna,I,IB,IB6,6,14948,6242.181696548,0.0023095438,CYC
magna,I,IB,IB7,6,14948,5695.0700026759,0.0024293308,CYC
magna,I,IB,IB8,5,14948,4727.8125234145,0.0022261023,CYC
magna,I,IC,IC1,24,14948,6404.1775220765,0.0025750718,CYC
magna,I,IC,IC10,7,14948,4088.453679422,0.002781742,CYC
magna,I,IC,IC3,24,14948,5944.0734278833,0.0022663455,CYC
magna,I,IC,IC4,23,14948,5116.802782981,0.0024759153,CYC
magna,I,IC,IC5,23,14948,4042.2318972438,0.0025023767,CYC
magna,I,IC,IC6,6,14948,3951.0367139417,0.0025097279,CYC
magna,I,IC,IC7,7,14948,4415.1933101418,0.0022673445,CYC
magna,I,IC,IC9,7,14948,3724.6330746588,0.0025849714,CYC
