,species,genotype,isolate,sample,pos,coverage,ref,alt,class,af,af_diff,strand_bias,unique,coverage_proportion,p_value,q_value,significant,reproduction,effect,gene,feature,coding,ts_tv,severity
1,magna,F,FA,FA10,9675,7168.28571428571,A,T,snv,0.00961538461538462,0.00878861989706842,7.11528742683273,TRUE,1.12557838338448,2.2e-16,3.38775327102804e-13,TRUE,CYC,upstream_gene_variant,ND5,transcript,protein_coding,transversion,MODIFIER
2,magna,F,FA,FA5,11457,6712.57142857143,G,A,snv,0.00454231262960403,0.00441480599387281,2.62512572653151,TRUE,1.05402122600482,2.96672952430761e-09,3.32532034191236e-06,TRUE,CYC,missense_variant,ND1,transcript,protein_coding,transition,MODERATE
3,magna,F,FA,FA12,12376,6966.14285714286,C,T,snv,0.0156142365097589,0.0156142365097589,0.442812124954942,TRUE,1.09383751263457,4.58190959838079e-72,1.19833663604128e-68,TRUE,CYC,upstream_gene_variant,ND5,transcript,protein_coding,transition,MODIFIER
4,magna,F,FB,FB4,760,5732.37037037037,TTTTTAATAT,T,deletion,0.00339067778949203,0.00339067778949203,0.544866353508056,TRUE,0.86829373197865,1.44116770395655e-09,1.67224169186981e-06,TRUE,CYC,conservative_inframe_deletion,ND2,transcript,protein_coding,NA,MODERATE
5,magna,F,FB,FB11,3843,7169.66666666667,A,T,snv,0.200086758486064,0.200086758486064,2.60679458988694,TRUE,1.08600390847403,8.36843808746141e-250,2.87260584748925e-246,TRUE,CYC,missense_variant,ATP8,transcript,protein_coding,transversion,MODERATE
6,magna,F,FB,FB13,6456,5033.66666666667,T,C,snv,0.00980861244019139,0.00973025481599455,10.644669433272,TRUE,0.762459669062545,4.12514636690024e-22,7.55213462868243e-19,TRUE,CYC,missense_variant,ND5,transcript,protein_coding,transition,MODERATE
7,magna,F,FB,FB13,6532,5856,T,C,snv,0.0232511120097048,0.0230877402865621,3.46835626482008,TRUE,0.88702016198204,1.75192443119453e-60,4.24501595116266e-57,TRUE,CYC,synonymous_variant,ND5,transcript,protein_coding,transition,LOW
8,magna,F,FB,FB4,10024,6312.33333333333,C,A,snv,0.0151734104046243,0.0151734104046243,0.403525213530521,TRUE,0.956141894777658,8.03952672185131e-41,1.79007667419729e-37,TRUE,CYC,missense_variant,ND6,transcript,protein_coding,transversion,MODERATE
9,magna,F,FC,FC2,1283,4833.25,A,G,snv,0.00526315789473684,0.00503734430611179,4.22986710569275,TRUE,1.03233610356863,6.57246854870152e-14,9.25583331480729e-11,TRUE,CYC,upstream_gene_variant,COX1,transcript,protein_coding,transition,MODIFIER
10,magna,F,FC,FC3,1486,4811,T,C,snv,0.00347463516330785,0.00345291114523347,0.847582232397356,TRUE,1.02758371577482,5.44267082891849e-08,5.46815845816611e-05,TRUE,CYC,synonymous_variant,COX1,transcript,protein_coding,transition,LOW
11,magna,F,FC,FC7,2002,5245.625,C,T,snv,0.088723526044648,0.0885576696137576,2.33259916705743,TRUE,1.12041547060098,4.45543443104204e-159,1.41175580833449e-155,TRUE,CYC,synonymous_variant,COX1,transcript,protein_coding,transition,LOW
12,magna,F,FC,FC4,2562,4830.875,T,C,snv,0.0780487804878049,0.0779794341897289,6.17540183847204,TRUE,1.03182882621985,1.60643672510512e-270,5.88198591826934e-267,TRUE,CYC,missense_variant,COX1,transcript,protein_coding,transition,MODERATE
13,magna,F,FC,FC12,2739,5141.625,T,A,snv,0.0110930735930736,0.011000005262882,3.58279804951387,TRUE,1.09820206248612,2.2e-16,3.38775327102804e-13,TRUE,CYC,missense_variant,COX1,transcript,protein_coding,transversion,MODERATE
14,magna,F,FC,FC7,3806,5178.875,T,A,snv,0.03754565376187,0.03754565376187,8.42465295850494,TRUE,1.10615830721957,1.23256939451928e-71,3.17324990618987e-68,TRUE,CYC,missense_variant,ATP8,transcript,protein_coding,transversion,MODERATE
15,magna,F,FC,FC12,3998,4729.375,G,A,snv,0.00396942075860041,0.00379488603832083,1.5300424394519,TRUE,1.0101493942616,1.5181253603694e-06,0.00123220925801648,TRUE,CYC,stop_gained,ATP6,transcript,protein_coding,transition,HIGH
16,magna,F,FC,FC1,5023,4971.875,T,C,snv,0.00544100801832761,0.00535168098188101,4.44969058893418,TRUE,1.06194508145249,1.4596145598264e-16,2.47935847209769e-13,TRUE,CYC,missense_variant,COX3,transcript,protein_coding,transition,MODERATE
17,magna,F,FC,FC3,5211,5109.125,T,A,snv,0.199532476206378,0.199511195535612,0.857444632932626,TRUE,1.09126037245023,2.2250738585072e-308,8.94197486630523e-305,TRUE,CYC,missense_variant,COX3,transcript,protein_coding,transversion,MODERATE
18,magna,F,FC,FC7,5656,4827.5,T,C,snv,0.00737949442612655,0.00723684852209348,1.12945325604163,TRUE,1.03110795840843,3.92160927475033e-14,5.66803260510581e-11,TRUE,CYC,synonymous_variant,ND3,transcript,protein_coding,transition,LOW
19,magna,F,FC,FC8,5950,4740.75,T,C,snv,0.0137596899224806,0.0136662738547626,3.22917970710112,TRUE,1.01257898577416,6.21978644470148e-29,1.23472502761515e-25,TRUE,CYC,upstream_gene_variant,ND6,transcript,protein_coding,transition,MODIFIER
20,magna,F,FC,FC8,5974,4920.875,G,A,snv,0.00320996978851964,0.00318821268482528,0,TRUE,1.05105196785771,9.91935163811905e-09,1.06822988935268e-05,TRUE,CYC,upstream_gene_variant,ND6,transcript,protein_coding,transition,MODIFIER
21,magna,F,FC,FC6,6247,4427.75,C,T,snv,0.0292636878539962,0.0292636878539962,4.82163733276644e-16,TRUE,0.945725170966945,2.19164094197888e-91,6.01853824546626e-88,TRUE,CYC,synonymous_variant,ND5,transcript,protein_coding,transition,LOW
22,magna,F,FC,FC12,6385,3452.625,T,G,snv,0.0099613742630616,0.0099222781648522,5.01868160117923,TRUE,0.737447771082321,2.74669176291887e-12,3.64973313219851e-09,TRUE,CYC,synonymous_variant,ND5,transcript,protein_coding,transversion,LOW
23,magna,F,FC,FC7,6710,4488.5,A,G,snv,0.00477523464515067,0.00472276186540516,8.58845974900712,TRUE,0.958700791572499,1.30646317354827e-08,1.3711039756637e-05,TRUE,CYC,missense_variant,ND5,transcript,protein_coding,transition,MODERATE
24,magna,F,FC,FC4,6943,4648,C,T,snv,0.146837102589315,0.146808936748846,3.54536845391159,TRUE,0.992768470364036,2.2250738585072e-308,8.94197486630523e-305,TRUE,CYC,synonymous_variant,ND5,transcript,protein_coding,transition,LOW
25,magna,F,FC,FC12,7827,5132.5,T,C,snv,0.144281441390115,0.144208982392497,3.24071306575389,TRUE,1.0962530495145,3.2516767756601e-264,1.16472234559123e-260,TRUE,CYC,missense_variant,ND5,transcript,protein_coding,transition,MODERATE
26,magna,F,FC,FC6,7976,4771,G,A,snv,0.0484010371650821,0.0484010371650821,0.904058923797931,TRUE,1.01904009726911,1.03330630348952e-152,3.21237383044079e-149,TRUE,CYC,synonymous_variant,ND4,transcript,protein_coding,transition,LOW
27,magna,F,FC,FC3,10012,4284.625,C,T,snv,0.00458043239281788,0.00432484731399997,0.747153326595633,TRUE,0.915155036001185,4.64546735757395e-07,0.000422886389819196,TRUE,CYC,missense_variant,ND6,transcript,protein_coding,transition,MODERATE
28,magna,F,FC,FC7,10296,4890.75,C,A,snv,0.00425402613187481,0.00397973787646365,1.51354929934144,TRUE,1.04461755517059,5.93560613028872e-07,0.000524710005970196,TRUE,CYC,missense_variant,CYTB,transcript,protein_coding,transversion,MODERATE
29,magna,F,FC,FC3,10745,4808.625,T,C,snv,0.018296853625171,0.018217882159962,11.9757636615338,TRUE,1.02707643842605,5.29931577703089e-32,1.09144707743728e-28,TRUE,CYC,missense_variant,CYTB,transcript,protein_coding,transition,MODERATE
30,magna,F,FC,FC3,10987,4765.625,G,A,snv,0.0372702518720218,0.037248977539504,10.1257990054554,TRUE,1.0178920485324,5.21853727391445e-66,1.32284299930513e-62,TRUE,CYC,missense_variant,CYTB,transcript,protein_coding,transition,MODERATE
31,magna,F,FC,FC6,11305,5431.5,T,C,snv,0.0091765873015873,0.00902082865316074,4.95451954071287,TRUE,1.16011659784472,3.32572383553236e-29,6.68259591381703e-26,TRUE,CYC,missense_variant,CYTB,transcript,protein_coding,transition,MODERATE
32,magna,F,FC,FC2,11536,4438.875,A,G,snv,0.0244683949898048,0.0244683949898048,8.32913500412974,TRUE,0.948101364863847,1.20952478714899e-62,2.97449224073081e-59,TRUE,CYC,synonymous_variant,ND1,transcript,protein_coding,transition,LOW
33,magna,F,FC,FC8,11873,4802.125,A,T,snv,0.00547845142439737,0.00538978780179766,0.669871132278595,TRUE,1.02568810041887,1.41101407562976e-11,1.81632786885441e-08,TRUE,CYC,stop_gained,ND1,transcript,protein_coding,transversion,HIGH
34,magna,F,FC,FC7,12226,4618,G,A,snv,0.00355987055016181,0.00351849865822519,5.30728497229474,TRUE,0.98636075648475,1.14150625259332e-06,0.000949917688016646,TRUE,CYC,synonymous_variant,ND1,transcript,protein_coding,transition,LOW
35,magna,F,FC,FC3,13775,4633,T,C,snv,0.00570243649559357,0.00564079959411708,0,TRUE,0.989564613424393,1.09595832640424e-10,1.32778574650716e-07,TRUE,CYC,upstream_gene_variant,ND4,transcript,protein_coding,transition,MODIFIER
36,magna,F,FC,FC4,14697,5085.625,G,A,snv,0.0635498320268757,0.0635165862407791,4.81698848450629,TRUE,1.08624099657812,3.0726872902746e-238,1.03322559070197e-234,TRUE,CYC,upstream_gene_variant,ND1,transcript,protein_coding,transition,MODIFIER
37,magna,F,FC,FC8,14741,4679.375,C,A,snv,0.00918148075796054,0.00918148075796054,1.8845547578959,TRUE,0.999469871129456,1.08735555221413e-21,1.96880658931009e-18,TRUE,CYC,upstream_gene_variant,ND1,transcript,protein_coding,transversion,MODIFIER
38,magna,G,GA,GA10,2623,4718.25,G,A,snv,0.0193600430223178,0.0191993350110208,0.432982666969879,TRUE,1.01078690328055,1.46637999940224e-64,3.66079545062892e-61,TRUE,CYC,synonymous_variant,COX1,transcript,protein_coding,transition,LOW
39,magna,G,GA,GA3,3886,4984.125,T,C,snv,0.0039020160416215,0.00378271302445385,6.30468710566388,TRUE,1.06774509072499,4.54549746305678e-11,5.71719485490793e-08,TRUE,CYC,synonymous_variant,ATP8,transcript,protein_coding,transition,LOW
40,magna,G,GA,GA2,5820,5018.75,G,A,snv,0.00527182866556837,0.00519179792542115,6.61868467661007,TRUE,1.07516277663101,2.02181174890468e-12,2.73057277248793e-09,TRUE,CYC,upstream_gene_variant,ND6,transcript,protein_coding,transition,MODIFIER
41,magna,G,GA,GA2,5946,4758.25,G,A,snv,0.00588031822898651,0.00582314106554559,2.17404997901068,TRUE,1.01935607111423,4.49520170957171e-14,6.44056865463228e-11,TRUE,CYC,upstream_gene_variant,ND6,transcript,protein_coding,transition,MODIFIER
42,magna,G,GA,GA5,6022,4501.875,G,A,snv,0.303652474605576,0.303498770028554,6.02674921452171,TRUE,0.964433061030285,2.2250738585072e-308,8.94197486630523e-305,TRUE,CYC,upstream_gene_variant,ND6,transcript,protein_coding,transition,MODIFIER
43,magna,G,GA,GA4,6681,4554.375,A,G,snv,0.998349017665511,0.99821328641339,1.2333083433584,TRUE,0.97568009381198,2.2250738585072e-308,8.94197486630523e-305,TRUE,CYC,missense_variant,ND5,transcript,protein_coding,transition,MODERATE
44,magna,G,GA,GA8,6929,4305.5,T,A,snv,0.00395430579964851,0.00388911988192109,7.99143078284148,TRUE,0.922363802696853,4.21063242471414e-10,4.92040768337092e-07,TRUE,CYC,missense_variant,ND5,transcript,protein_coding,transversion,MODERATE
45,magna,G,GA,GA8,7423,4457.125,A,G,snv,0.00284463894967177,0.00273811102687743,2.29181326583776,TRUE,0.954846304516365,1.19882345661889e-06,0.00099260172512654,TRUE,CYC,synonymous_variant,ND5,transcript,protein_coding,transition,LOW
46,magna,G,GA,GA2,8548,5078.75,G,T,snv,0.00456174649723037,0.00447993451771453,0.696755990919967,TRUE,1.08801652838152,5.5307579632561e-11,6.80068603052076e-08,TRUE,CYC,missense_variant,ND4,transcript,protein_coding,transversion,MODERATE
47,magna,G,GA,GA2,9709,5073.125,T,A,snv,0.00649350649350649,0.00646295535089376,0.596387571151182,TRUE,1.08681148915491,6.70206344787912e-18,1.16240588440015e-14,TRUE,CYC,missense_variant,ND6,transcript,protein_coding,transversion,MODERATE
48,magna,G,GA,GA4,10585,5000.75,G,A,snv,0.0117305918017662,0.0117305918017662,2.26320932934125,TRUE,1.07130665110586,2.54493977903704e-22,4.81982341968247e-19,TRUE,CYC,missense_variant,CYTB,transcript,protein_coding,transition,MODERATE
49,magna,G,GA,GA7,10909,4992.375,T,A,snv,0.0332895313184406,0.0332895313184406,0.609761628025963,TRUE,1.06951248159069,5.97295812344045e-96,1.66805485437803e-92,TRUE,CYC,missense_variant,CYTB,transcript,protein_coding,transversion,MODERATE
50,magna,G,GA,GA10,11415,5113.125,T,C,snv,0.00327373457567363,0.00278210034088215,2.27018078821225,TRUE,1.09538065698858,7.43898104411565e-06,0.00479026360815234,TRUE,CYC,synonymous_variant,ND1,transcript,protein_coding,transition,LOW
51,magna,G,GA,GA7,12407,5044.5,A,AT,insertion,0.00463473846832929,0.00413413712973591,0.238056884834756,TRUE,1.08067917842394,1.09071056036114e-08,1.15944643619086e-05,TRUE,CYC,upstream_gene_variant,ND5,transcript,protein_coding,NA,MODIFIER
52,magna,G,GA,GA8,12672,4425.875,G,A,snv,0.00333704115684093,0.00302174733879955,3.45145064353824,TRUE,0.948151642146309,2.86297204207083e-06,0.00217385335220243,TRUE,CYC,upstream_gene_variant,ND5,transcript,protein_coding,transition,MODIFIER
53,magna,G,GA,GA4,13458,3967.875,T,C,snv,0.00801697712803584,0.0073294391435614,3.1229045049375,TRUE,0.850034670450766,5.07238695489455e-12,6.68613643027252e-09,TRUE,CYC,upstream_gene_variant,ND4,transcript,protein_coding,transition,MODIFIER
54,magna,G,GA,GA5,13530,4116.625,AT,A,deletion,0.00556973775818055,0.00553748281511053,3.82834242087652,TRUE,0.881901263332233,1.15446805213632e-13,1.57206109102807e-10,TRUE,CYC,upstream_gene_variant,ND4,transcript,protein_coding,NA,MODIFIER
55,magna,G,GA,GA8,13620,3825.5,A,G,snv,0.00377358490566038,0.00369784959011579,4.82163733276644e-16,TRUE,0.81953378869279,2.72400448487281e-08,2.77054796891064e-05,TRUE,CYC,upstream_gene_variant,ND4,transcript,protein_coding,transition,MODIFIER
56,magna,G,GA,GA8,13798,4479.625,T,C,snv,0.00457561198810341,0.00448218270728063,0.829617978151242,TRUE,0.959666461422805,1.01482771178216e-11,1.31662308988128e-08,TRUE,CYC,upstream_gene_variant,ND4,transcript,protein_coding,transition,MODIFIER
57,magna,G,GA,GA5,14086,5110.5,T,C,snv,0.380895993684626,0.380787301968916,11.6537482615354,TRUE,1.0948183053495,2.2250738585072e-308,8.94197486630523e-305,TRUE,CYC,upstream_gene_variant,ND4,transcript,protein_coding,transition,MODIFIER
58,magna,G,GA,GA10,14895,1752,A,G,snv,0.00400801603206413,0.00400801603206413,0,TRUE,0.375329551114827,1.48452073891171e-06,0.00121089857974755,TRUE,CYC,upstream_gene_variant,ND1,transcript,protein_coding,transition,MODIFIER
59,magna,G,GB,GB8,2629,4649.5,C,T,snv,0.0042571306939123,0.00418049500620381,4.64038409812286,TRUE,1.00431970734516,5.91942924265205e-11,7.22468531446883e-08,TRUE,CYC,synonymous_variant,COX1,transcript,protein_coding,transition,LOW
60,magna,G,GB,GB4,3467,5033.75,T,C,snv,0.16656044189505,0.166419163386468,0.577508860504789,TRUE,1.08731999717146,1.22209995230987e-280,4.57643102141346e-277,TRUE,CYC,synonymous_variant,COX2,transcript,protein_coding,transition,LOW
61,magna,G,GB,GB6,3942,4885.25,T,C,snv,0.0104878436357858,0.0104185888798353,0.950652361669517,TRUE,1.05524311222883,7.34967642301827e-14,1.01670954899506e-10,TRUE,CYC,synonymous_variant,ATP6,transcript,protein_coding,transition,LOW
62,magna,G,GB,GB6,5626,4694.25,A,G,snv,0.00896712055795417,0.00896712055795417,9.88390037838684,TRUE,1.01398597401979,2.66497934830667e-12,3.56994566879507e-09,TRUE,CYC,synonymous_variant,ND3,transcript,protein_coding,transition,LOW
63,magna,G,GB,GB6,12227,4698.375,T,A,snv,0.175673357351175,0.175621979246122,2.18433182574019,TRUE,1.01487699860153,2.2e-16,3.38775327102804e-13,TRUE,CYC,missense_variant,ND1,transcript,protein_coding,transversion,MODERATE
64,magna,G,GB,GB5,12263,4759.25,G,A,snv,0.174389970897694,0.174371582798472,0,TRUE,1.02802636136842,8.94652073628324e-282,3.42814029924632e-278,TRUE,CYC,missense_variant,ND1,transcript,protein_coding,transition,MODERATE
65,magna,G,GB,GB1,13689,4546.625,C,T,snv,0.995427526291724,0.995298502386319,0,TRUE,0.982098094291471,2.2250738585072e-308,8.94197486630523e-305,TRUE,CYC,upstream_gene_variant,ND4,transcript,protein_coding,transition,MODIFIER
66,magna,G,GB,GB1,14756,5150.375,T,G,snv,0.0052434456928839,0.0050568263031293,0,TRUE,1.11251169216428,5.48977449668298e-14,7.79775141611605e-11,TRUE,CYC,upstream_gene_variant,ND1,transcript,protein_coding,transversion,MODIFIER
67,magna,G,GC,GC8,2777,2979.125,A,G,snv,1,1,0,TRUE,1.11774602794539,2.2250738585072e-308,8.94197486630523e-305,TRUE,CYC,missense_variant,COX1,transcript,protein_coding,transition,MODERATE
68,magna,G,GC,GC4,3638,3052.125,A,G,snv,0.00583090379008746,0.00583090379008746,2.0977284577396,TRUE,1.14513509689685,1.66096852157162e-09,1.90051709279384e-06,TRUE,CYC,upstream_gene_variant,ATP8,transcript,protein_coding,transition,MODIFIER
69,magna,G,GC,GC9,3964,2885.25,AT,A,deletion,0.033457249070632,0.0331968078821448,2.70545849495243,TRUE,1.082524810852,5.83435313663269e-38,1.26488776002197e-34,TRUE,CYC,frameshift_variant,ATP6,transcript,protein_coding,NA,HIGH
70,magna,G,GC,GC3,4917,2755.375,C,T,snv,0.0810916179337232,0.0808671562635971,8.89506413457186,TRUE,1.03379665564555,1.29821912198369e-83,3.50663882444276e-80,TRUE,CYC,missense_variant,COX3,transcript,protein_coding,transition,MODERATE
71,magna,G,GC,GC2,5335,2700.375,T,C,snv,0.0977626459143969,0.0977626459143969,5.81165436203752,TRUE,1.01316105575061,1.09371933174481e-126,3.10706804918844e-123,TRUE,CYC,missense_variant,COX3,transcript,protein_coding,transition,MODERATE
72,magna,G,GC,GC5,5404,2741,A,T,snv,0.0265273311897106,0.0265273311897106,0.76178804948268,TRUE,1.02840326021846,1.22909308404493e-23,2.41089534847518e-20,TRUE,CYC,upstream_gene_variant,ND3,transcript,protein_coding,transversion,MODIFIER
73,magna,G,GC,GC4,5974,2842.5,G,T,snv,0.0127073773385104,0.0125435479204694,1.32457387111524,TRUE,1.06648532184275,1.45509747308295e-14,2.1795772767721e-11,TRUE,CYC,upstream_gene_variant,ND6,transcript,protein_coding,transversion,MODIFIER
74,magna,G,GC,GC2,7447,2368.75,T,A,snv,0.140175953079179,0.140062674699613,2.75451416682914,TRUE,0.888737768202292,5.37334637305061e-146,1.60973733671782e-142,TRUE,CYC,missense_variant,ND5,transcript,protein_coding,transversion,MODERATE
75,magna,G,GC,GC4,7462,2477.125,C,T,snv,0.0242737763629129,0.0242737763629129,4.36423162986246,TRUE,0.929399279813447,4.09785715239588e-22,7.55213462868243e-19,TRUE,CYC,synonymous_variant,ND5,transcript,protein_coding,transition,LOW
76,magna,G,GC,GC2,8730,2808.875,T,G,snv,0.621145374449339,0.621145374449339,0.864217751977899,TRUE,1.05386946645244,2.2250738585072e-308,8.94197486630523e-305,TRUE,CYC,missense_variant,ND4,transcript,protein_coding,transversion,MODERATE
77,magna,G,GC,GC2,8775,2675,T,C,snv,0.00513083632632119,0.00513083632632119,32.4314243833453,TRUE,1.00364054034454,2.35831478785068e-08,2.41350814263714e-05,TRUE,CYC,missense_variant,ND4,transcript,protein_coding,transition,MODERATE
78,magna,G,GC,GC2,8777,2721.5,C,A,snv,0.00859888720283257,0.00731836440742789,15.9086172860684,TRUE,1.02108700207389,2.79501842928438e-06,0.00213208146553856,TRUE,CYC,missense_variant,ND4,transcript,protein_coding,transversion,MODERATE
79,magna,G,GC,GC2,8778,2630.125,T,A,snv,0.00897097625329815,0.00897097625329815,12.6243529640593,TRUE,0.986803766793901,3.36849911201391e-14,4.91168904148945e-11,TRUE,CYC,missense_variant,ND4,transcript,protein_coding,transversion,MODERATE
80,magna,G,GC,GC2,8779,2652,T,A,snv,0.00888192267502612,0.00888192267502612,16.0197548064402,TRUE,0.995011107661205,3.36373657456941e-14,4.91168904148945e-11,TRUE,CYC,stop_gained,ND4,transcript,protein_coding,transversion,HIGH
81,magna,G,GC,GC3,9482,2448.15625,GCTAACT,G,deletion,0.00878583545561653,0.00877346296084354,0.213045487026973,TRUE,0.918530415550604,5.38276539381706e-11,6.66847735645451e-08,TRUE,CYC,disruptive_inframe_deletion,ND4L,transcript,protein_coding,NA,MODERATE
82,magna,G,GC,GC8,9579,2684.75,A,T,snv,0.00874547647768396,0.00840933810799635,3.44719950180595,TRUE,1.00729866941683,7.85009755251977e-08,7.65351996173715e-05,TRUE,CYC,upstream_gene_variant,ND5,transcript,protein_coding,transversion,MODIFIER
83,magna,G,GC,GC8,10265,2452.25,A,T,snv,0.0471666101119783,0.0469659765429944,0,TRUE,0.920066360770056,2.85174255851616e-34,6.02405022925116e-31,TRUE,CYC,missense_variant,CYTB,transcript,protein_coding,transversion,MODERATE
84,magna,I,IA,IA7,1709,6329.875,G,T,snv,0.0148275323864523,0.0147277427014725,3.28529149350058,TRUE,0.960753751089207,3.72077251187213e-41,8.51478118383538e-38,TRUE,CYC,missense_variant,COX1,transcript,protein_coding,transversion,MODERATE
85,magna,I,IA,IA8,4528,7233.75,G,A,snv,0.00469131169074873,0.00462697843551124,1.61737302521614,TRUE,1.09794465877155,3.20195262943411e-23,6.20681565701883e-20,TRUE,CYC,missense_variant,ATP6,transcript,protein_coding,transition,MODERATE
86,magna,I,IA,IA1,4714,6277.25,C,T,snv,0.00465116279069767,0.00463501526692045,3.93574125207574,TRUE,0.952766284330215,1.24382700011124e-19,2.1802434803652e-16,TRUE,CYC,missense_variant,COX3,transcript,protein_coding,transition,MODERATE
87,magna,I,IA,IA7,5988,6737.27083333333,GGGCTAACT,G,deletion,0.0407290585371838,0.0406584904837735,2.22772303225585,TRUE,1.02258863330301,1.93319578575714e-136,5.58822461802865e-133,TRUE,CYC,upstream_gene_variant,ND6,transcript,protein_coding,NA,MODIFIER
88,magna,I,IA,IA10,7381,6355.75,A,T,snv,0.00502735472423481,0.0049459830326412,0,TRUE,0.964681080350753,1.13368478811381e-15,1.71371536851317e-12,TRUE,CYC,missense_variant,ND5,transcript,protein_coding,transversion,MODERATE
89,magna,I,IA,IA8,8221,6358.5,T,A,snv,0.00413133289845619,0.0035375821507559,59.0502553137834,TRUE,0.965098477663575,4.98924966761889e-09,5.51723952506194e-06,TRUE,CYC,missense_variant,ND4,transcript,protein_coding,transversion,MODERATE
90,magna,I,IA,IA6,8330,5809.625,G,A,snv,0.00297458085451595,0.00297458085451595,3.97099183883646,TRUE,0.88178976854545,7.95071920917789e-09,8.61857962274883e-06,TRUE,CYC,synonymous_variant,ND4,transcript,protein_coding,transition,LOW
91,magna,I,IA,IA8,10059,5913.625,G,A,snv,0.00559440559440559,0.00391487275963809,21.7405217609696,TRUE,0.89757497601215,4.32290149508424e-06,0.00313777900238784,TRUE,CYC,synonymous_variant,ND6,transcript,protein_coding,transition,LOW
92,magna,I,IA,IA6,10498,7174.25,AT,A,deletion,0.011583433504535,0.0115542253379316,0.73101330549173,TRUE,1.0889136987305,1.38739917927644e-32,2.89365807558253e-29,TRUE,CYC,frameshift_variant,CYTB,transcript,protein_coding,NA,HIGH
93,magna,I,IA,IA10,11752,6622.75,G,A,snv,0.00319089900110988,0.00314788269793097,1.68589315575886,TRUE,1.00520656490468,1.22947330833323e-10,1.47867049684269e-07,TRUE,CYC,synonymous_variant,ND1,transcript,protein_coding,transition,LOW
94,magna,I,IA,IA2,14147,6297.875,A,T,snv,0.0034980323567993,0.00341565094744358,0,TRUE,0.955896764176376,7.40466266989991e-14,1.01670954899506e-10,TRUE,CYC,upstream_gene_variant,ND4,transcript,protein_coding,transversion,MODIFIER
95,magna,I,IB,IB10,2002,6407.5,C,T,snv,0.00597065847833504,0.00580862578789614,1.3364512797893,TRUE,1.13971819836159,2.00162017366121e-20,3.58481470406315e-17,TRUE,CYC,synonymous_variant,COX1,transcript,protein_coding,transition,LOW
96,magna,I,IB,IB6,2646,5821.5,C,T,snv,0.0192733017377567,0.0192281137789084,8.40796447373503,TRUE,1.03548489922154,6.7034242337399e-58,1.60073884658675e-54,TRUE,CYC,missense_variant,COX1,transcript,protein_coding,transition,MODERATE
97,magna,I,IB,IB8,2972,6311.25,A,C,snv,0.00769526741054252,0.00769526741054252,1.23367901088703,TRUE,1.1225979679141,1.75555761229374e-36,3.75661969691447e-33,TRUE,CYC,missense_variant,COX2,transcript,protein_coding,transversion,MODERATE
98,magna,I,IB,IB3,5023,6162.625,T,C,snv,0.115473441108545,0.115400246400719,0.536519559476,TRUE,1.09616166401531,5.01817437011367e-317,8.26834554614888e-312,TRUE,CYC,missense_variant,COX3,transcript,protein_coding,transition,MODERATE
99,magna,I,IB,IB2,6334,5508,T,C,snv,0.178769601930036,0.178703346784772,2.6547161447502,TRUE,0.979721862906852,2.2250738585072e-308,8.94197486630523e-305,TRUE,CYC,synonymous_variant,ND5,transcript,protein_coding,transition,LOW
100,magna,I,IB,IB2,6485,5257,G,A,snv,0.621136865342163,0.621136865342163,6.37390585182114,TRUE,0.935075859350276,2.2250738585072e-308,8.94197486630523e-305,TRUE,CYC,missense_variant,ND5,transcript,protein_coding,transition,MODERATE
101,magna,I,IB,IB3,9046,5320.125,T,C,snv,0.00597371565113501,0.00594985841284891,3.69652655538124,TRUE,0.946304062435969,2.53876512781289e-16,3.87321530166179e-13,TRUE,CYC,missense_variant,ND4,transcript,protein_coding,transition,MODERATE
102,magna,I,IB,IB10,12924,4775.125,T,C,snv,0.0181323662737987,0.0178269327912902,6.63932555387602,TRUE,0.849363536785237,3.93485195163479e-47,9.26196694809944e-44,TRUE,CYC,upstream_gene_variant,ND4,transcript,protein_coding,transition,MODIFIER
103,magna,I,IB,IB8,14189,4959,C,T,snv,0.0373926225366347,0.0373676518771595,8.13494748846243,TRUE,0.882069847159601,2.33875928683513e-144,6.88129803880803e-141,TRUE,CYC,upstream_gene_variant,ND4,transcript,protein_coding,transition,MODIFIER
104,magna,I,IC,IC10,518,4848.375,T,A,snv,0.00364630811303555,0.00339981446524018,2.05707421938032,TRUE,1.06205094692829,6.33032418406607e-08,6.24571769557005e-05,TRUE,CYC,missense_variant,ND2,transcript,protein_coding,transversion,MODERATE
105,magna,I,IC,IC9,2040,4826.125,A,C,snv,0.0773539610562817,0.0773539610562817,7.53296767830597,TRUE,1.05717701832971,1.9760470574524e-294,7.75212670386467e-291,TRUE,CYC,missense_variant,COX1,transcript,protein_coding,transversion,MODERATE
106,magna,I,IC,IC7,3148,4845.125,C,T,snv,0.0270388137810728,0.026982192458653,0,TRUE,1.06133902477344,4.1077504744895e-77,1.09165456480756e-73,TRUE,CYC,missense_variant,COX2,transcript,protein_coding,transition,MODERATE
107,magna,I,IC,IC10,7547,4618.25,C,T,snv,0.00425212606303152,0.00338394324860766,13.0606363330756,TRUE,1.0116413820407,6.28079516834644e-06,0.00414709861797572,TRUE,CYC,missense_variant,ND5,transcript,protein_coding,transition,MODERATE
108,magna,I,IC,IC1,10602,4352.125,G,T,snv,0.00665004156275977,0.00660928346208726,1.96608154454327,TRUE,0.953345910207087,6.9775014699747e-14,9.74295730682026e-11,TRUE,CYC,missense_variant,CYTB,transcript,protein_coding,transversion,MODERATE
109,magna,I,IC,IC7,10747,4841.625,C,T,snv,0.0717756183745583,0.0716782820174998,3.4263920874948,TRUE,1.06057233937591,4.69028903817675e-232,1.54561908848461e-228,TRUE,CYC,missense_variant,CYTB,transcript,protein_coding,transition,MODERATE
110,magna,I,IC,IC1,11640,3777.25,C,T,snv,0.0132412204951065,0.0132412204951065,0.922558211156931,TRUE,0.827417833662802,3.02788475239188e-22,5.66930130547847e-19,TRUE,CYC,missense_variant,ND1,transcript,protein_coding,transition,MODERATE
111,magna,I,IC,IC6,11977,3997.375,G,A,snv,0.192217671152721,0.192217671152721,2.6487454472014,TRUE,0.875636868843164,2.2250738585072e-308,8.94197486630523e-305,TRUE,CYC,synonymous_variant,ND1,transcript,protein_coding,transition,LOW
112,magna,I,IC,IC7,13028,4921,A,G,snv,0.0668385987534924,0.0668169175965858,1.96949227266583,TRUE,1.07795966892704,1.35371773337176e-208,4.37351693121957e-205,TRUE,CYC,upstream_gene_variant,ND4,transcript,protein_coding,transition,MODIFIER
113,magna,I,IC,IC3,13399,4861.875,A,C,snv,0.639886892880905,0.639786755812621,4.09577016922267,TRUE,1.06500816203305,2.2250738585072e-308,8.94197486630523e-305,TRUE,CYC,upstream_gene_variant,ND4,transcript,protein_coding,transversion,MODIFIER
114,magna,I,IC,IC5,13616,4214,C,T,snv,0.0435156026338391,0.0435156026338391,1.68653791251031,TRUE,0.923089218625997,3.50807680462095e-150,1.07040518322923e-146,TRUE,CYC,upstream_gene_variant,ND4,transcript,protein_coding,transition,MODIFIER
115,magna,I,IC,IC10,13756,4399.375,A,G,snv,0.00516929439131559,0.00504924512755821,2.96102346610046,TRUE,0.963696163073741,1.66365525280569e-14,2.4695238621107e-11,TRUE,CYC,upstream_gene_variant,ND4,transcript,protein_coding,transition,MODIFIER
116,magna,I,IC,IC5,14246,4314.75,T,C,snv,0.0083829096809086,0.00824691032816359,11.9472791455672,TRUE,0.945158805426322,1.31635068280928e-22,2.52200545703627e-19,TRUE,CYC,upstream_gene_variant,ND4,transcript,protein_coding,transition,MODIFIER
117,magna,I,IC,IC1,14896,2415.5,C,T,snv,0.214430209035738,0.214372535582829,59.8158450884703,TRUE,0.529122450780991,7.46425986197759e-252,2.61674716795388e-248,TRUE,CYC,upstream_gene_variant,ND1,transcript,protein_coding,transition,MODIFIER
