genotype,isolate,sample,snv_error,insertion_error,deletion_error,total_error,mean_depth,bp,bases_surveyed
F,FA,FA1,0.0020176987,0.0002793251,0.0001392328,0.0024362566,5340.7620551244,14948,14901
F,FA,FA10,0.0019472566,0.0002495033,0.0001360943,0.0023328542,8680.8261707252,14948,14901
F,FA,FA12,0.0019995465,0.0002761288,0.0001391153,0.0024147906,4302.3243778432,14948,14901
F,FA,FA13,0.0017681931,0.0002348893,0.0001292615,0.0021323439,6218.7748461333,14948,14901
F,FA,FA14,0.0017456639,0.0002519994,0.0001329343,0.0021305976,6103.5599678887,14948,14901
F,FA,FA5,0.0018201179,0.0002801664,0.0001395821,0.0022398664,9853.5101953439,14948,14901
F,FA,FA7,0.0015694688,0.0002030687,0.0001242964,0.0018968339,5494.9218624565,14948,14901
F,FB,FB11,0.0018210055,0.0002551631,0.000135066,0.0022112346,8751.7889751137,14948,14901
F,FB,FB13,0.0018954456,0.0002848485,0.0001310352,0.0023113293,5721.6054589243,14948,14901
F,FB,FB4,0.0018179538,0.0002953842,0.0001402796,0.0022536176,5973.9875836232,14948,14901
F,FC,FC1,0.0017959322,0.0002103242,0.000119926,0.0021261824,3455.3420390688,14948,14901
F,FC,FC12,0.0018109594,0.0002246918,0.0001262487,0.0021618999,6895.205565962,14948,14901
F,FC,FC2,0.0017343786,0.0002108548,0.0001226638,0.0020678972,3880.2044955847,14948,14901
F,FC,FC3,0.0018875399,0.0002394208,0.0001278455,0.0022548062,5867.33160289,14948,14901
F,FC,FC4,0.0019619696,0.0002880904,0.000134958,0.002385018,3264.8813486754,14948,14901
F,FC,FC6,0.0016794661,0.0002320051,0.0001247165,0.0020361877,3549.3806796896,14948,14901
F,FC,FC7,0.0017725533,0.0002354861,0.0001285922,0.0021366316,6463.212309339,14948,14901
F,FC,FC8,0.0018390975,0.0002485022,0.0001358271,0.0022234268,5282.9449826064,14948,14901
G,GA,GA10,0.0015724442,0.0002243071,0.0001530499,0.0019498012,3618.7411292481,14948,14901
G,GA,GA2,0.0020890053,0.0003249419,0.0001855085,0.0025994557,5859.607171528,14948,14901
G,GA,GA3,0.0021661894,0.0003595385,0.0001930316,0.0027187595,4185.5603960396,14948,14901
G,GA,GA4,0.00241749,0.0004124789,0.0002127234,0.0030426923,6887.6793684774,14948,14901
G,GA,GA5,0.002332452,0.0003426592,0.000190356,0.0028654672,4761.9107840514,14948,14901
G,GA,GA6,0.0018275298,0.0002720588,0.0001701923,0.0022697809,3758.3156007493,14948,14901
G,GA,GA7,0.0020947928,0.0003351361,0.0001682133,0.0025981422,4379.7559004549,14948,14901
G,GA,GA8,0.0015832856,0.0002105111,0.0001553722,0.0019491689,4990.1667112657,14948,14901
G,GB,GB1,0.0027720081,0.0005128322,0.0002404394,0.0035252797,2753.8818838641,14948,14901
G,GB,GB10,0.0019247398,0.0003270419,0.0001701689,0.0024219506,6889.0748728927,14948,14901
G,GB,GB2,0.002036251,0.0003139158,0.0001816412,0.002531808,3632.243350281,14948,14901
G,GB,GB4,0.0018694243,0.000264412,0.0001729002,0.0023067365,4334.8495584694,14948,14901
G,GB,GB5,0.0021660843,0.0003298763,0.0001871127,0.0026830733,4460.2897511373,14948,14901
G,GB,GB6,0.0021354099,0.000337247,0.0001891324,0.0026617893,5958.3337436446,14948,14901
G,GB,GB7,0.0021072741,0.0002987638,0.0001800649,0.0025861028,7727.6308803853,14948,14901
G,GB,GB8,0.0018485231,0.0002704867,0.0001630412,0.002282051,2352.3292480599,14948,14901
G,GC,GC10,0.0020645587,0.0003436044,0.0001835137,0.0025916768,1528.62782981,14948,14901
G,GC,GC2,0.0021535068,0.000363871,0.0001943453,0.0027117231,2107.8012309339,14948,14901
G,GC,GC3,0.0021320758,0.0003666141,0.0001908185,0.0026895084,2548.7083221836,14948,14901
G,GC,GC4,0.0019748151,0.0003268548,0.0001879469,0.0024896168,2736.2960663634,14948,14901
G,GC,GC5,0.0018848561,0.0002938876,0.000181304,0.0023600477,3787.8711265721,14948,14901
G,GC,GC6,0.0020387989,0.0003305773,0.0001859105,0.0025552867,2986.1830345197,14948,14901
G,GC,GC8,0.0018363099,0.0003184222,0.0001844246,0.0023391567,3325.9884934439,14948,14901
G,GC,GC9,0.0021936063,0.0004229944,0.0002135186,0.0028301193,2926.6710730533,14948,14901
I,IA,IA1,0.0018034034,0.000287188,0.0001745883,0.0022651797,5704.3722772277,14948,14901
I,IA,IA10,0.0021461842,0.0003424095,0.0001873018,0.0026758955,7357.5616269735,14948,14901
I,IA,IA2,0.0021416146,0.0002977239,0.000181174,0.0026205125,4904.3294621354,14948,14901
I,IA,IA4,0.001913968,0.0002640596,0.0001733031,0.0023513307,6725.1238426545,14948,14901
I,IA,IA5,0.0020009031,0.0002909208,0.0001808742,0.0024726981,9279.6502006958,14948,14901
I,IA,IA6,0.001974097,0.0002788477,0.0001800889,0.0024330336,8411.4716617608,14948,14901
I,IA,IA7,0.002111834,0.0002874384,0.0001809573,0.0025802297,6950.1372223709,14948,14901
I,IA,IA8,0.0021484963,0.0003535285,0.000191115,0.0026931398,4921.6579609312,14948,14901
I,IB,IB1,0.001877113,0.0002798913,0.000177296,0.0023343003,6105.9038801177,14948,14901
I,IB,IB10,0.0017674366,0.0002780057,0.000169824,0.0022152663,5106.3514048702,14948,14901
I,IB,IB2,0.0021505148,0.0003700863,0.0001945578,0.0027151589,4425.2968156275,14948,14901
I,IB,IB3,0.0019912771,0.0003063378,0.0001843193,0.0024819342,7060.8578538935,14948,14901
I,IB,IB5,0.0020874384,0.000296507,0.0001827235,0.0025666689,6751.869574525,14948,14901
I,IB,IB6,0.0018518036,0.000283177,0.0001745632,0.0023095438,6242.181696548,14948,14901
I,IB,IB7,0.0019481534,0.0003057176,0.0001754598,0.0024293308,5695.0700026759,14948,14901
I,IB,IB8,0.0017995822,0.0002566564,0.0001698637,0.0022261023,4727.8125234145,14948,14901
I,IC,IC1,0.0021219688,0.0002774276,0.0001756754,0.0025750718,6404.1775220765,14948,14901
I,IC,IC10,0.0021832503,0.0003979001,0.0002005916,0.002781742,4088.453679422,14948,14901
I,IC,IC3,0.0018160504,0.0002791744,0.0001711207,0.0022663455,5944.0734278833,14948,14901
I,IC,IC4,0.0020056453,0.0002922207,0.0001780493,0.0024759153,5116.802782981,14948,14901
I,IC,IC5,0.0020209074,0.0003095484,0.0001719209,0.0025023767,4042.2318972438,14948,14901
I,IC,IC6,0.0020741582,0.0002667944,0.0001687753,0.0025097279,3951.0367139417,14948,14901
I,IC,IC7,0.0018069517,0.000288869,0.0001715238,0.0022673445,4415.1933101418,14948,14901
I,IC,IC9,0.0020876783,0.0003183027,0.0001789904,0.0025849714,3724.6330746588,14948,14901
ASEX,LIN,L12,0.0028200525,0.0004265062,0.0004361834,0.0036827421,2466.9583903998,15333,15273
ASEX,LIN,L2,0.0026118244,0.0003888084,0.0003826421,0.0033832749,1565.660731755,15333,15273
ASEX,LIN,L41,0.0028043638,0.0004270346,0.0004501585,0.0036815569,2677.9739124764,15333,15273
ASEX,LIN,L48,0.0027035656,0.0004001647,0.0004203615,0.0035240918,1483.974369008,15333,15273
CYC,TCO,TCO-17,0.0016973005,6.37483962104016E-05,0.0001407013,0.0019017502,2275.7691906346,15333,15273
CYC,TCO,TCO-237,0.0018048317,6.50706013957173E-05,0.0001456681,0.0020155704,1223.618730842,15333,15273
CYC,TCO,TCO-97,0.001793408,6.5599418623624E-05,0.0001408528,0.0019998602,1159.7291462858,15333,15273
