species,genotype,isolate,sample,pos,coverage,ref,alt,class,af,af_diff,strand_bias,unique,coverage_proportion,p_value,q_value,significant
magna,F,FB,FB11,3843,1000,A,T,snv,0.214,0.214,2.60679458988694,TRUE,1,2.3614173223362e-102,1.61860783601576e-98,TRUE
magna,F,FB,FB13,6532,1000,T,C,snv,0.025,0.025,3.46835626482008,TRUE,1,3.54070616147214e-12,1.01490157647681e-08,TRUE
magna,F,FC,FC7,2002,1000,C,T,snv,0.091,0.0905714285714286,2.33259916705743,TRUE,1,4.75551239687356e-77,2.99884513951805e-73,TRUE
magna,F,FC,FC4,2562,1000,T,C,snv,0.075,0.0747142857142857,6.17540183847204,TRUE,1,3.33629183731267e-64,1.7532324814806e-60,TRUE
magna,F,FC,FC12,2739,1000,T,A,snv,0.011,0.011,3.58279804951387,TRUE,1,9.31322574615483e-10,2.25882977247239e-06,TRUE
magna,F,FC,FC7,3806,1000,T,A,snv,0.038,0.038,8.42465295850494,TRUE,1,3.85185988877446e-34,1.59802516664522e-30,TRUE
magna,F,FC,FC3,5211,1000,T,A,snv,0.224,0.224,0.857444632932626,TRUE,1,4.08256305196975e-202,5.36350123088402e-198,TRUE
magna,F,FC,FC7,5656,1000,T,C,snv,0.01,0.00985714285714286,1.12945325604163,TRUE,1,7.26431608200074e-08,0.000156880369129246,TRUE
magna,F,FC,FC8,5950,1000,T,C,snv,0.018,0.0178571428571429,3.22917970710112,TRUE,1,7.43849426498858e-15,2.25516549878791e-11,TRUE
magna,F,FC,FC6,6247,1000,C,T,snv,0.031,0.031,4.82163733276644e-16,TRUE,1,8.07793566946327e-28,3.10608447860135e-24,TRUE
magna,F,FC,FC12,6385,1000,T,G,snv,0.013,0.013,5.01868160117923,TRUE,1,1.45519152283669e-11,4.09664997797726e-08,TRUE
magna,F,FC,FC4,6943,1000,C,T,snv,0.141,0.141,3.54536845391159,TRUE,1,3.69319144711422e-127,2.91117662414502e-123,TRUE
magna,F,FC,FC12,7827,1000,T,C,snv,0.145,0.144857142857143,3.24071306575389,TRUE,1,1.15299525463809e-128,9.56688709941836e-125,TRUE
magna,F,FC,FC6,7976,1000,G,A,snv,0.048,0.048,0.904058923797931,TRUE,1,3.58732406867161e-43,1.61584350500042e-39,TRUE
magna,F,FC,FC3,10745,1000,T,C,snv,0.018,0.0178571428571429,11.9757636615338,TRUE,1,7.43849426498858e-15,2.25516549878791e-11,TRUE
magna,F,FC,FC3,10987,1000,G,A,snv,0.042,0.042,10.1257990054554,TRUE,1,9.40395480657831e-38,4.00687264651859e-34,TRUE
magna,F,FC,FC6,11305,1000,T,C,snv,0.009,0.00885714285714286,4.95451954071287,TRUE,1,5.28991222381593e-07,0.00105564550885672,TRUE
magna,F,FC,FC2,11536,1000,A,G,snv,0.019,0.019,8.32913500412974,TRUE,1,5.55111512312579e-17,1.78599765362429e-13,TRUE
magna,F,FC,FC4,14697,1000,G,A,snv,0.061,0.0608571428571429,4.81698848450629,TRUE,1,3.54813430447422e-53,1.69505127646868e-49,TRUE
magna,F,FC,FC8,14741,1000,C,A,snv,0.008,0.008,1.8845547578959,TRUE,1,4.76837158203126e-07,0.000963767369588218,TRUE
magna,G,GA,GA10,2623,1000,G,A,snv,0.024,0.0235714285714286,0.432982666969879,TRUE,1,3.37709389092331e-18,1.15739614999554e-14,TRUE
magna,G,GA,GA2,5820,1000,G,A,snv,0.009,0.009,6.61868467661007,TRUE,1,5.96046447753907e-08,0.000132348335964579,TRUE
magna,G,GA,GA5,6022,1000,G,A,snv,0.309,0.308857142857143,6.02674921452171,TRUE,1,1.91361181152479e-276,2.74257105180631e-272,TRUE
magna,G,GA,GA4,6681,1000,A,G,snv,0.998,0.997857142857143,1.2333083433584,TRUE,1,2.2250738585072e-308,3.50785118867519e-304,TRUE
magna,G,GA,GA4,10585,1000,G,A,snv,0.014,0.014,2.26320932934125,TRUE,1,1.81898940354586e-12,5.31047219367424e-09,TRUE
magna,G,GA,GA7,10909,1000,T,A,snv,0.03,0.03,0.609761628025963,TRUE,1,6.46234853557056e-27,2.42570406900294e-23,TRUE
magna,G,GA,GA4,13458,1000,T,C,snv,0.01,0.00971428571428572,3.1229045049375,TRUE,1,3.86382453143597e-07,0.000810331557369261,TRUE
magna,G,GA,GA5,14086,1000,T,C,snv,0.358,0.358,11.6537482615354,TRUE,1,2.2250738585072e-308,3.50785118867519e-304,TRUE
magna,G,GB,GB4,3467,1000,T,C,snv,0.174,0.173571428571429,0.577508860504789,TRUE,1,3.5554382785022e-151,3.29716705908324e-147,TRUE
magna,G,GB,GB6,5626,1000,A,G,snv,0.009,0.009,9.88390037838684,TRUE,1,5.96046447753907e-08,0.000132348335964579,TRUE
magna,G,GB,GB6,12227,1000,T,A,snv,0.164,0.164,2.18433182574019,TRUE,1,6.25650967244766e-148,5.47969447983915e-144,TRUE
magna,G,GB,GB5,12263,1000,G,A,snv,0.189,0.189,0,TRUE,1,1.65608432105561e-170,1.74055566199159e-166,TRUE
magna,G,GB,GB1,13689,1000,C,T,snv,0.996,0.995714285714286,0,TRUE,1,2.2250738585072e-308,3.50785118867519e-304,TRUE
magna,G,GB,GB1,14756,1000,T,G,snv,0.009,0.00871428571428571,0,TRUE,1,2.58255749940873e-06,0.00496515576023519,TRUE
magna,G,GB,GB10,14811,1000,CA,C,deletion,0.02,0.0187142857142857,0,TRUE,1,2.2242279052981e-11,6.15178514909037e-08,TRUE
magna,G,GC,GC8,2777,1000,A,G,snv,1,1,0,TRUE,1,2.2250738585072e-308,3.50785118867519e-304,TRUE
magna,G,GC,GC9,3964,1000,AT,A,deletion,0.028,0.0275714285714286,2.70545849495243,TRUE,1,1.2640256800348e-21,4.63430029030618e-18,TRUE
magna,G,GC,GC3,4917,1000,C,T,snv,0.083,0.0827142857142857,8.89506413457186,TRUE,1,2.42539539488245e-71,1.41617040518005e-67,TRUE
magna,G,GC,GC2,5335,1000,T,C,snv,0.089,0.089,5.81165436203752,TRUE,1,3.37350334183384e-80,2.21598406393103e-76,TRUE
magna,G,GC,GC5,5404,1000,A,T,snv,0.02,0.02,0.76178804948268,TRUE,1,6.93889390390724e-18,2.32749694222315e-14,TRUE
magna,G,GC,GC4,5974,1000,G,T,snv,0.014,0.0135714285714286,1.32457387111524,TRUE,1,8.52736548040412e-10,2.13388523071617e-06,TRUE
magna,G,GC,GC2,7447,1000,T,A,snv,0.135,0.134857142857143,2.75451416682914,TRUE,1,1.1533062796411e-119,8.65808991865232e-116,TRUE
magna,G,GC,GC4,7462,1000,C,T,snv,0.024,0.024,4.36423162986246,TRUE,1,1.69406589450862e-21,6.06979959852678e-18,TRUE
magna,G,GC,GC5,7917,1000,A,+,insertion,0.012,0.011,0.838704608382086,TRUE,1,2.49210742619967e-06,0.00491104034809755,TRUE
magna,G,GC,GC2,8730,1000,T,G,snv,0.638,0.638,0.864217751977899,TRUE,1,2.2250738585072e-308,3.50785118867519e-304,TRUE
magna,G,GC,GC2,8775,1000,T,C,snv,0.008,0.008,32.4314243833453,TRUE,1,4.76837158203126e-07,0.000963767369588218,TRUE
magna,G,GC,GC2,8777,1000,C,A,snv,0.012,0.0112857142857143,15.9086172860684,TRUE,1,3.90642611591832e-07,0.000810331557369261,TRUE
magna,G,GC,GC2,8778,1000,T,A,snv,0.007,0.007,12.6243529640593,TRUE,1,3.81469726562501e-06,0.00715941474551248,TRUE
magna,G,GC,GC2,8779,1000,T,A,snv,0.01,0.01,16.0197548064402,TRUE,1,7.45058059692384e-09,1.75312161445618e-05,TRUE
magna,G,GC,GC8,9579,1000,A,T,snv,0.009,0.00871428571428571,3.44719950180595,TRUE,1,2.58255749940873e-06,0.00496515576023519,TRUE
magna,G,GC,GC8,10265,1000,A,T,snv,0.048,0.0478571428571429,0,TRUE,1,1.54254934952877e-41,6.7551235417378e-38,TRUE
magna,I,IA,IA7,1709,1000,G,T,snv,0.01,0.01,3.28529149350058,TRUE,1,7.45058059692384e-09,1.75312161445618e-05,TRUE
magna,I,IA,IA7,5988,1000,GGCTAACT,G,deletion,0.0406666666666667,0.040547619047619,2.22772303225585,TRUE,1,1.68944458961032e-29,6.65856572491643e-26,TRUE
magna,I,IA,IA6,10498,1000,AT,A,deletion,0.012,0.012,0.73101330549173,TRUE,1,1.16415321826935e-10,3.00868719694069e-07,TRUE
magna,I,IA,IA6,11055,1000,A,+,insertion,0.016,0.0148571428571429,1.56085390599578,TRUE,1,7.69351751025697e-09,1.78366283677871e-05,TRUE
magna,I,IB,IB6,2646,1000,C,T,snv,0.023,0.0228571428571429,8.40796447373503,TRUE,1,2.86297136171956e-19,1.00300066254767e-15,TRUE
magna,I,IB,IB8,2972,1000,A,C,snv,0.011,0.011,1.23367901088703,TRUE,1,9.31322574615483e-10,2.25882977247239e-06,TRUE
magna,I,IB,IB3,5023,1000,T,C,snv,0.114,0.114,0.536519559476,TRUE,1,8.92958899439299e-103,6.39890288434113e-99,TRUE
magna,I,IB,IB2,6334,1000,T,C,snv,0.187,0.186857142857143,2.6547161447502,TRUE,1,1.74485044066427e-166,1.71923385513227e-162,TRUE
magna,I,IB,IB2,6485,1000,G,A,snv,0.617,0.617,6.37390585182114,TRUE,1,2.2250738585072e-308,3.50785118867519e-304,TRUE
magna,I,IB,IB10,12924,1000,T,C,snv,0.015,0.0147142857142857,6.63932555387602,TRUE,1,2.41016095969827e-11,6.55110836995503e-08,TRUE
magna,I,IB,IB8,14189,1000,C,T,snv,0.033,0.033,8.13494748846243,TRUE,1,1.26217744835363e-29,5.10214197206148e-26,TRUE
magna,I,IC,IC9,2040,1000,A,C,snv,0.082,0.082,7.53296767830597,TRUE,1,7.07474928033351e-74,4.28977422613023e-70,TRUE
magna,I,IC,IC7,3148,1000,C,T,snv,0.019,0.019,0,TRUE,1,5.55111512312579e-17,1.78599765362429e-13,TRUE
magna,I,IC,IC1,10602,1000,G,T,snv,0.007,0.007,1.96608154454327,TRUE,1,3.81469726562501e-06,0.00715941474551248,TRUE
magna,I,IC,IC7,10747,1000,C,T,snv,0.076,0.076,3.4263920874948,TRUE,1,1.85460307534374e-68,1.00820699803798e-64,TRUE
magna,I,IC,IC1,11640,1000,C,T,snv,0.012,0.012,0.922558211156931,TRUE,1,1.16415321826935e-10,3.00868719694069e-07,TRUE
magna,I,IC,IC6,11977,1000,G,A,snv,0.2,0.2,2.6487454472014,TRUE,1,1.92793589208231e-180,2.17100729516192e-176,TRUE
magna,I,IC,IC7,13028,1000,A,G,snv,0.076,0.076,1.96949227266583,TRUE,1,1.85460307534374e-68,1.00820699803798e-64,TRUE
magna,I,IC,IC3,13399,1000,A,C,snv,0.635,0.634857142857143,4.09577016922267,TRUE,1,2.2250738585072e-308,3.50785118867519e-304,TRUE
magna,I,IC,IC5,13616,1000,C,T,snv,0.052,0.052,1.68653791251031,TRUE,1,8.75811540203014e-47,4.06095779778075e-43,TRUE
magna,I,IC,IC5,14246,1000,T,C,snv,0.01,0.00985714285714286,11.9472791455672,TRUE,1,7.26431608200074e-08,0.000156880369129246,TRUE
magna,I,IC,IC1,14896,1000,C,T,snv,0.207,0.207,59.8158450884703,TRUE,1,9.19311471978369e-187,1.11484902206817e-182,TRUE
pulex,L,L,L41,7355,1000,G,A,snv,0.094,0.0936666666666667,2.51479745351717,TRUE,1,7.28998858534206e-55,3.59148122021175e-51,TRUE
pulex,L,L,L41,12949,1000,T,A,snv,0.998,0.997,12.0585993232633,TRUE,1,2.2250738585072e-308,3.50785118867519e-304,TRUE
pulex,TCO,TCO,TCO-17,2888,1000,T,+,insertion,0.033,0.032,19.706095273729,TRUE,1,1.46967278053281e-13,4.37161100988261e-10,TRUE
pulex,TCO,TCO,TCO-17,11692,1000,C,T,snv,0.129,0.1285,1.45607060863609,TRUE,1,7.37901933819312e-60,3.75261218608221e-56,TRUE
